ID,Type,Message,Performed By,Occurred At
178595445,story_update_activity,josbut accepted this feature,josbut,2021-06-21T17:58:55Z
178595445,task_update_activity,"josbut completed task: ""Execute the automated tests to ensure the app is working, nothing is broken""",josbut,2021-06-21T17:58:53Z
178595445,task_update_activity,"josbut completed task: ""Update the code in order to use the WTFforms for input validation""",josbut,2021-06-21T17:58:52Z
178595445,task_update_activity,"josbut completed task: ""Revise the code and update the htmls to use WTFforms """,josbut,2021-06-21T17:58:51Z
178595445,story_update_activity,josbut delivered this feature,josbut,2021-06-21T17:58:44Z
178595445,story_update_activity,josbut finished this feature,josbut,2021-06-21T17:58:43Z
178595445,task_create_activity,"josbut added task: ""Execute the automated tests to ensure the app is working, nothing is broken""",josbut,2021-06-21T17:06:55Z
178596329,story_delete_activity,josbut deleted this feature,josbut,2021-06-20T17:40:26Z
178595445,comment_create_activity,"josbut added comment: ""@josbut 
Run the unit tests and system testing to make sure the code is working after enhancement""",josbut,2021-06-20T17:39:46Z
178595445,task_create_activity,"josbut added task: ""Update the code in order to use the WTFforms for input validation""",josbut,2021-06-20T17:38:37Z
178595445,task_update_activity,"josbut rewrote task: ""Revise the code and update the htmls to use WTFforms """,josbut,2021-06-20T17:38:12Z
178595445,story_update_activity,josbut edited this feature,josbut,2021-06-20T17:37:43Z
178596348,story_update_activity,josbut edited this feature,josbut,2021-06-20T16:59:40Z
178596348,story_update_activity,josbut accepted this feature,josbut,2021-06-20T16:59:04Z
178596348,story_update_activity,josbut delivered this feature,josbut,2021-06-20T16:59:03Z
178596348,story_update_activity,josbut finished this feature,josbut,2021-06-20T16:59:01Z
178595405,story_update_activity,josbut edited this feature,josbut,2021-06-20T04:57:00Z
178277807,story_update_activity,josbut edited this feature,josbut,2021-06-20T04:55:31Z
178276275,story_update_activity,josbut edited this feature,josbut,2021-06-20T04:51:21Z
178596329,story_update_activity,josbut edited this feature,josbut,2021-06-19T23:34:38Z
178596348,story_update_activity,josbut edited this feature,josbut,2021-06-19T23:34:19Z
178596348,story_update_activity,josbut started this feature,josbut,2021-06-19T23:34:04Z
178596348,story_update_activity,josbut estimated this feature as 2 points,josbut,2021-06-19T23:34:03Z
178596348,story_create_activity,josbut added this feature,josbut,2021-06-19T23:33:56Z
178596329,task_create_activity,"josbut added task: ""Revise the code and add the input validation to the code""",josbut,2021-06-19T23:10:13Z
178596329,story_update_activity,josbut started this feature,josbut,2021-06-19T23:10:10Z
178596329,story_update_activity,josbut estimated this feature as 2 points,josbut,2021-06-19T23:10:08Z
178596329,comment_create_activity,"josbut added comment: ""@josbut 
Will do the system testing for this enhancement""",josbut,2021-06-19T23:10:03Z
178596329,story_create_activity,josbut added this feature,josbut,2021-06-19T23:08:53Z
178525365,story_update_activity,josbut accepted this feature,josbut,2021-06-19T23:07:49Z
178525365,story_update_activity,josbut delivered this feature,josbut,2021-06-19T23:07:48Z
178525365,story_update_activity,josbut finished this feature,josbut,2021-06-19T23:07:48Z
178525365,task_delete_activity,josbut deleted a task on this story,josbut,2021-06-19T23:07:45Z
178525269,story_update_activity,josbut accepted this feature,josbut,2021-06-19T23:07:34Z
178525269,story_update_activity,josbut delivered this feature,josbut,2021-06-19T23:07:33Z
178525269,story_update_activity,josbut finished this feature,josbut,2021-06-19T23:07:32Z
178525269,task_delete_activity,josbut deleted a task on this story,josbut,2021-06-19T23:07:27Z
178277807,story_update_activity,josbut accepted this feature,josbut,2021-06-19T22:56:20Z
178277807,story_update_activity,josbut delivered this feature,josbut,2021-06-19T22:56:19Z
178277807,story_update_activity,josbut finished this feature,josbut,2021-06-19T22:56:19Z
178277807,comment_create_activity,"josbut added comment: ""@josbut 
GIVEN data has already been recorded in the system and the 'View Meal' button is available
WHEN the user clciks the 'View Meal' button
THEN the ""List of past meal"" page is displayed listing the past meal information""",josbut,2021-06-19T22:55:56Z
178277807,task_update_activity,"josbut completed task: ""design and implement UI for clear display of past info to user - 6 hr""",josbut,2021-06-19T22:53:31Z
178277807,task_delete_activity,josbut deleted a task on this story,josbut,2021-06-19T22:53:29Z
178277807,task_update_activity,"josbut completed task: ""design and implement date filtering UI for clear display of past info to user - 6hr""",josbut,2021-06-19T22:53:27Z
178277807,task_create_activity,"josbut added task: ""design and implement UI for clear display of past info to user - 6 hr""",josbut,2021-06-19T22:53:23Z
178277807,task_update_activity,"josbut uncompleted task: ""design and implement date filtering UI for clear display of past info to user - 6hr""",josbut,2021-06-19T22:52:56Z
178277807,task_update_activity,"josbut completed task: ""design and implement date filtering UI for clear display of past info to user - 6hr""",josbut,2021-06-19T22:52:14Z
178277807,task_update_activity,"josbut uncompleted task: ""design and implement date filtering UI for clear display of past info to user - 6hr""",josbut,2021-06-19T22:51:50Z
178277807,task_update_activity,"josbut completed task: ""design and implement date filtering UI for clear display of past info to user - 6hr""",josbut,2021-06-19T22:51:43Z
178523063,story_update_activity,josbut edited this feature,josbut,2021-06-19T22:48:36Z
178277807,story_update_activity,josbut edited this feature,josbut,2021-06-19T22:48:06Z
178523063,story_update_activity,josbut edited this feature,josbut,2021-06-19T22:46:55Z
178277807,story_update_activity,josbut edited this feature,josbut,2021-06-19T22:46:42Z
178277807,story_update_activity,josbut edited this feature,josbut,2021-06-19T22:46:33Z
178276275,story_update_activity,josbut accepted this feature,josbut,2021-06-19T18:25:49Z
178276275,blocker_delete_activity,"josbut deleted a blocker: ""UI & DB implementation""",josbut,2021-06-19T18:25:47Z
178276275,story_update_activity,josbut delivered this feature,josbut,2021-06-19T18:25:37Z
178276275,story_update_activity,josbut finished this feature,josbut,2021-06-19T18:25:36Z
178276275,task_delete_activity,josbut deleted a task on this story,josbut,2021-06-19T18:25:30Z
178595445,story_update_activity,josbut edited this feature,josbut,2021-06-19T18:19:58Z
178595445,story_update_activity,josbut started this feature,josbut,2021-06-19T18:19:30Z
178595445,story_update_activity,josbut estimated this feature as 1 point,josbut,2021-06-19T18:19:28Z
178595445,story_update_activity,josbut estimated this feature as 2 points,josbut,2021-06-19T18:19:24Z
178595445,story_create_activity,josbut added this feature,josbut,2021-06-19T18:19:15Z
178595386,task_update_activity,"josbut completed task: ""Create a meal update UI page""",josbut,2021-06-19T18:15:39Z
178595386,task_update_activity,"josbut moved task: ""Create a meal update UI page""",josbut,2021-06-19T18:15:38Z
178595386,task_create_activity,"josbut added task: ""Create a meal update UI page""",josbut,2021-06-19T18:15:33Z
178595386,task_update_activity,"josbut completed task: ""Add the code logic to let the user to update the meal and display to the 'List of past meal' page""",josbut,2021-06-19T18:14:52Z
178595386,task_update_activity,"josbut moved task: ""Add the code logic to let the user to update the meal and display to the 'List of past meal' page""",josbut,2021-06-19T18:14:47Z
178595386,task_create_activity,"josbut added task: ""Add the code logic to let the user to update the meal and display to the 'List of past meal' page""",josbut,2021-06-19T18:14:44Z
178595386,task_update_activity,"josbut rewrote task: ""create a update button next to the meal in the table""",josbut,2021-06-19T18:13:54Z
178595405,story_update_activity,josbut accepted this feature,josbut,2021-06-19T18:12:29Z
178595405,story_update_activity,josbut delivered this feature,josbut,2021-06-19T18:12:28Z
178595405,story_update_activity,josbut finished this feature,josbut,2021-06-19T18:12:26Z
178595405,story_update_activity,josbut started this feature,josbut,2021-06-19T18:12:26Z
178595405,story_update_activity,josbut estimated this feature as 2 points,josbut,2021-06-19T18:12:24Z
178595405,task_update_activity,"josbut completed task: ""Display error message when there is error""",josbut,2021-06-19T18:12:19Z
178595405,task_update_activity,"josbut completed task: ""Add the logic to delete the meal from the database""",josbut,2021-06-19T18:12:18Z
178595405,task_update_activity,"josbut completed task: ""Query the meal""",josbut,2021-06-19T18:12:18Z
178595405,comment_create_activity,"josbut added comment: ""
@josbut
GIVEN ""View Meal"" page is displayed
WHEN the user clicks the ""Delete"" link next to the meal
THEN the application redirect the user to the ""List of past meals"" page and the meal is deleted

""",josbut,2021-06-19T18:12:16Z
178595405,task_create_activity,"josbut added task: ""Display error message when there is error""",josbut,2021-06-19T18:11:10Z
178595405,task_create_activity,"josbut added task: ""Add the logic to delete the meal from the database""",josbut,2021-06-19T18:10:54Z
178595405,task_create_activity,"josbut added task: ""Query the meal""",josbut,2021-06-19T18:10:38Z
178595405,story_update_activity,josbut edited this feature,josbut,2021-06-19T18:09:43Z
178595405,story_create_activity,josbut added this feature,josbut,2021-06-19T18:09:29Z
178595386,story_update_activity,josbut accepted this feature,josbut,2021-06-19T18:09:12Z
178595386,story_update_activity,josbut delivered this feature,josbut,2021-06-19T18:09:11Z
178595386,story_update_activity,josbut finished this feature,josbut,2021-06-19T18:09:08Z
178595386,story_update_activity,josbut started this feature,josbut,2021-06-19T18:09:06Z
178595386,story_update_activity,josbut estimated this feature as 2 points,josbut,2021-06-19T18:09:04Z
178595386,comment_create_activity,"josbut added comment: ""@josbut 
GIVEN ""View Meal"" page is displayed
WHEN the user click the ""Update"" link next to the meal
THEN the application redirect the user to the ""Update the meal"" page

@josbut 
GIVEN ""Update the meal"" page is displayed
WHEN the user updated all the fields and click the ""Submit"" button
THEN the application redirect the user to the ""List of past meals"" page and the meal is updated


""",josbut,2021-06-19T18:08:18Z
178595386,task_update_activity,"josbut completed task: ""Integrate everything and do testing""",josbut,2021-06-19T18:05:29Z
178595386,task_update_activity,"josbut completed task: ""create a update button next to the meal in the table""",josbut,2021-06-19T18:05:28Z
178595386,task_update_activity,"josbut completed task: ""Do the query from the database for the meal""",josbut,2021-06-19T18:05:27Z
178595386,task_create_activity,"josbut added task: ""Integrate everything and do testing""",josbut,2021-06-19T18:05:23Z
178595386,task_create_activity,"josbut added task: ""create a update button next to the meal in the table""",josbut,2021-06-19T18:05:09Z
178595386,task_create_activity,"josbut added task: ""Do the query from the database for the meal""",josbut,2021-06-19T18:04:38Z
178595386,story_update_activity,josbut edited this feature,josbut,2021-06-19T18:03:16Z
178595386,story_update_activity,josbut edited this feature,josbut,2021-06-19T18:03:09Z
178595386,story_create_activity,josbut added this feature,josbut,2021-06-19T18:02:43Z
178278379,story_delete_activity,josbut deleted this feature,josbut,2021-06-19T18:00:08Z
178278708,story_update_activity,josbut edited this feature,josbut,2021-06-19T17:58:52Z
23172631,label_create_activity,"josbut created labels: ""#optional""",josbut,2021-06-19T17:58:51Z
178278708,story_update_activity,josbut edited this feature,josbut,2021-06-19T17:58:45Z
23172630,label_create_activity,"josbut created labels: ""#iteration4""",josbut,2021-06-19T17:58:43Z
178278708,story_update_activity,josbut edited this feature,josbut,2021-06-19T17:58:33Z
178278708,story_update_activity,josbut edited this feature,josbut,2021-06-19T17:58:32Z
178523063,story_update_activity,josbut edited this feature,josbut,2021-06-19T17:58:14Z
178523063,comment_create_activity,"josbut added comment: ""@josbut 
Acceptance test 1 :
GIVEN : the user is already in the 'Create a meal' input page.
WHEN : the user input one kind of food and press the button ""+""
THEN : One new row of input food type is disappeared and user is able to input another food item.

Acceptance test 2 :
GIVEN : the user is already in the food input page.
WHEN : the user clicks the button ""+"" without any input
THEN : The prompt will say, please enter a food type or weight.""",josbut,2021-06-19T17:58:05Z
178523063,task_create_activity,"josbut added task: ""Integrate everything and do testing""",josbut,2021-06-19T17:54:49Z
178523063,task_create_activity,"josbut added task: ""Add the logic to get the information from UI and add the meal to the database""",josbut,2021-06-19T17:54:13Z
178523063,task_create_activity,"josbut added task: ""Update the 'Create a meal' user interface""",josbut,2021-06-19T17:53:25Z
178277403,story_delete_activity,josbut deleted this feature,josbut,2021-06-19T17:51:48Z
178276275,task_update_activity,"josbut completed task: ""Test, debug, refactor and finalize code base - 2h""",josbut,2021-06-19T17:48:31Z
178277405,story_update_activity,josbut edited this feature,josbut,2021-06-19T17:46:32Z
23172588,label_create_activity,"josbut created labels: ""iteration4#""",josbut,2021-06-19T17:46:32Z
178277405,story_update_activity,josbut edited this feature,josbut,2021-06-19T17:46:19Z
178525138,story_update_activity,josbut accepted this feature,josbut,2021-06-18T19:03:24Z
178525138,story_update_activity,josbut delivered this feature,josbut,2021-06-18T19:03:23Z
178525138,comment_update_activity,josbut edited this comment,josbut,2021-06-18T19:03:18Z
178525138,task_update_activity,"josbut completed task: ""Integrate everything and do testing""",josbut,2021-06-18T19:01:55Z
178525138,task_update_activity,"josbut completed task: ""Add the unit tests""",josbut,2021-06-18T19:01:54Z
178525138,task_update_activity,"josbut completed task: ""Add the logic code to redirect the user to the next page to display the user's profile""",josbut,2021-06-18T19:01:51Z
178525138,task_update_activity,"josbut completed task: ""Add the logic code to retrieve the user's username from the database""",josbut,2021-06-18T19:01:50Z
178525138,task_update_activity,"josbut completed task: ""Add the retrieve user UI page""",josbut,2021-06-18T19:01:48Z
178240764,comment_update_activity,josbut edited this comment,josbut,2021-06-18T18:59:16Z
178522805,story_update_activity,josbut accepted this feature,josbut,2021-06-18T18:56:42Z
178522805,story_update_activity,josbut delivered this feature,josbut,2021-06-18T18:56:41Z
178522805,story_update_activity,josbut finished this feature,josbut,2021-06-18T18:56:41Z
178522805,task_update_activity,"josbut completed task: ""Testing and make sure new pages are good.""",josbut,2021-06-18T18:56:29Z
178522805,task_update_activity,"josbut completed task: ""Do changes on code""",josbut,2021-06-18T18:56:28Z
178522805,task_update_activity,"josbut completed task: ""Make discussion to essure our site style""",josbut,2021-06-18T18:56:26Z
178522805,comment_create_activity,"josbut added comment: ""@josbut 
GIVEN a ""Login/Sign Up"" link is available
WHEN the user clicks the ""Login/Sign Up "" link
THEN a restyled login page will be displayed to the user to enable the user to input the user username and password.

@josbut 
GIVEN a ""Login"" link is available
WHEN the user clicks the ""Sign up here "" link
THEN a restyled user registration page will be displayed to the user to enable the user to input the user first name, user last name, username, password and email.
""",josbut,2021-06-18T18:56:23Z
178522805,story_update_activity,josbut edited this feature,josbut,2021-06-18T18:52:01Z
178524932,story_update_activity,josbut accepted this feature,josbut,2021-06-18T18:51:45Z
178524932,story_update_activity,josbut delivered this feature,josbut,2021-06-18T18:51:44Z
178524932,comment_update_activity,josbut edited this comment,josbut,2021-06-18T18:50:26Z
178533840,story_update_activity,josbut accepted this feature,josbut,2021-06-18T18:49:19Z
178533840,task_update_activity,"josbut completed task: ""Do UI Testing""",josbut,2021-06-18T18:49:13Z
178533840,task_update_activity,"josbut completed task: ""Change the procedure code to the object oriented code""",josbut,2021-06-18T18:49:12Z
178533840,story_update_activity,josbut delivered this feature,josbut,2021-06-18T18:49:02Z
178533840,task_create_activity,"josbut added task: ""Do UI Testing""",josbut,2021-06-18T18:48:35Z
178533769,story_update_activity,josbut accepted this feature,josbut,2021-06-18T18:48:02Z
178533769,story_update_activity,josbut delivered this feature,josbut,2021-06-18T18:48:01Z
178533769,comment_update_activity,josbut edited this comment,josbut,2021-06-18T18:47:45Z
178533769,task_update_activity,"josbut completed task: ""Execute unit testing""",josbut,2021-06-18T18:47:20Z
178533769,task_create_activity,"josbut added task: ""Execute unit testing""",josbut,2021-06-18T18:47:18Z
178533769,task_update_activity,"josbut completed task: ""Do UI Testing""",josbut,2021-06-18T18:47:00Z
178533769,task_create_activity,"josbut added task: ""Do UI Testing""",josbut,2021-06-18T18:46:57Z
178533316,story_update_activity,josbut accepted this feature,josbut,2021-06-18T18:46:12Z
178533316,story_update_activity,josbut delivered this feature,josbut,2021-06-18T18:46:11Z
178533316,task_update_activity,"josbut completed task: ""Integrate all three modules and do UI testing""",josbut,2021-06-18T18:45:41Z
178533316,task_create_activity,"josbut added task: ""Integrate all three modules and do UI testing""",josbut,2021-06-18T18:45:39Z
178367740,story_update_activity,josbut accepted this feature,josbut,2021-06-18T18:44:44Z
178367740,story_update_activity,josbut delivered this feature,josbut,2021-06-18T18:44:43Z
178367740,comment_update_activity,josbut edited this comment,josbut,2021-06-18T18:42:45Z
178534062,story_update_activity,grazida3 accepted this feature,grazida3,2021-06-18T04:34:28Z
178534062,story_update_activity,grazida3 delivered this feature,grazida3,2021-06-18T04:34:26Z
178534062,story_update_activity,josbut finished this feature,josbut,2021-06-15T04:34:47Z
178534062,story_update_activity,josbut started this feature,josbut,2021-06-15T04:34:45Z
178534062,story_create_activity,grazida3 added this feature,grazida3,2021-06-15T04:16:42Z
178276379,story_update_activity,grazida3 accepted this feature,grazida3,2021-06-15T04:10:19Z
178276379,story_update_activity,grazida3 delivered this feature,grazida3,2021-06-15T04:10:17Z
178276275,task_update_activity,"josbut uncompleted task: ""Test, debug, refactor and finalize code base - 2h""",josbut,2021-06-15T03:33:04Z
178276275,task_update_activity,"josbut completed task: ""Test, debug, refactor and finalize code base - 2h""",josbut,2021-06-15T03:32:56Z
178276275,task_update_activity,"josbut completed task: ""Develop error/exception handling code in python using try/except functionality - 2h""",josbut,2021-06-15T03:32:48Z
178276275,task_update_activity,"josbut completed task: ""Develop code that instantiates the ""meal"" object, and takes data from UI and interacts with the DB using CRUD operations to update the food item list - 3h""",josbut,2021-06-15T03:32:44Z
178276275,task_update_activity,"josbut completed task: ""Create a ""meal"" class that creates an object that includes the food item list - 2h""",josbut,2021-06-15T03:32:36Z
178276275,task_update_activity,"josbut completed task: ""Create database table/schema in sqlite to accept a description and quantity of the food item - 2.0h""",josbut,2021-06-15T03:32:33Z
178276275,task_update_activity,"josbut completed task: ""Create UI to enable user to input a food item - 2.5h""",josbut,2021-06-15T03:32:29Z
178276275,story_update_activity,josbut edited this feature,josbut,2021-06-15T03:32:26Z
178276275,story_update_activity,josbut edited this feature,josbut,2021-06-15T03:32:21Z
178276379,story_update_activity,josbut finished this feature,josbut,2021-06-15T03:32:12Z
178276379,task_update_activity,"josbut completed task: ""Calculate average calories if multiple listings exist for searched term. (DG) - 1hr""",josbut,2021-06-15T03:31:57Z
178276379,task_update_activity,"josbut completed task: ""create configuration storage scheme for holding user API keys for USDA so api keys are not publicly posted into github. (DG) 1hr""",josbut,2021-06-15T03:31:56Z
178276379,task_update_activity,"josbut completed task: ""Parse json API response and extract calorie information. (DG) - 1hr""",josbut,2021-06-15T03:31:55Z
178276379,task_update_activity,"josbut completed task: ""write callback functions for retrieval of data from API. (DG) - 2hr""",josbut,2021-06-15T03:31:54Z
178276396,story_update_activity,josbut edited this feature,josbut,2021-06-15T03:31:26Z
178276396,story_update_activity,josbut edited this feature,josbut,2021-06-15T03:31:22Z
178533840,story_update_activity,josbut finished this feature,josbut,2021-06-15T03:30:19Z
178533840,story_update_activity,josbut started this feature,josbut,2021-06-15T03:30:17Z
178533840,story_update_activity,josbut estimated this feature as 2 points,josbut,2021-06-15T03:30:16Z
178533840,story_create_activity,josbut added this feature,josbut,2021-06-15T03:30:03Z
178533769,story_update_activity,josbut finished this feature,josbut,2021-06-15T03:18:50Z
178533769,story_update_activity,josbut started this feature,josbut,2021-06-15T03:18:48Z
178533769,story_update_activity,josbut estimated this feature as 2 points,josbut,2021-06-15T03:18:45Z
178533769,story_create_activity,josbut added this feature,josbut,2021-06-15T03:18:36Z
178533316,story_update_activity,josbut finished this feature,josbut,2021-06-15T03:10:49Z
178533316,story_update_activity,josbut started this feature,josbut,2021-06-15T03:10:44Z
178533316,story_update_activity,josbut estimated this feature as 3 points,josbut,2021-06-15T03:10:39Z
178533316,comment_create_activity,"josbut added comment: ""@josbut 
GIVEN a ""Login/Sign Up"" link is available
WHEN the user clicks the ""Login/Sign Up"" link
THEN a user login page will be displayed

@josbut 
GIVEN a ""Sign Up"" link is available
WHEN the user clicks the ""Sign Up Here"" link
THEN a user registration page will be displayed to the user to enable the user to input the user first name, user last name, username, password and email.

@josbut 
GIVEN the user registration page is available
WHEN the user fills all fields and click the ""Sign up"" button
THEN the user information will be added into the system and the login page will be displayed

@josbut
GIVEN the user login page is available
WHEN the user fills the username and password fields and click the ""Sign In"" button
THEN user is logged in and redirect to the ""Create a Meal"" page.

@josbut
GIVEN the ""Create a Meal"" page is available
WHEN the user enter Meal Type, food Item 1 and food Item 2 and  click the ""Submit"" button
THEN ""Meal Added"" message will be displayed.

@josbut
GIVEN the ""Create a Meal"" page is available
WHEN the user  click the ""View Meal"" button
THEN ""List of past meals"" page will be displayed and listed the meals that the user have added.

@josbut
GIVEN the ""List of past meals"" page is available
WHEN the user  click the ""Update"" button beside the meal entry
THEN ""Meal Update"" page will be displayed with the meal values in the form that the user want to update.

@josbut
GIVEN the ""Meal Update"" page is available
WHEN the user change the fields of the food items and click the ""Submit"" button
THEN the meal is updated and the ""List of past meals"" page will be displayed.

@josbut
GIVEN the ""List of past meals"" page is available
WHEN the user  click the ""Delete"" button beside the meal entry
THEN the meal is deleted and the ""List of past meals"" page will be displayed.








""",josbut,2021-06-15T03:10:07Z
178533316,task_update_activity,"josbut rewrote task: ""Debug and do the enhancements for the configuration file and the modules""",josbut,2021-06-15T02:52:31Z
178533316,task_update_activity,"josbut completed task: ""Do UI testing""",josbut,2021-06-15T02:51:40Z
178533316,task_update_activity,"josbut completed task: ""Debug and do the enhancements for the configuration file and the modules""",josbut,2021-06-15T02:51:39Z
178533316,task_update_activity,"josbut completed task: ""Merged the Registration, Login, USDA API and Meal CRUD components""",josbut,2021-06-15T02:51:35Z
178533316,task_update_activity,"josbut completed task: ""Clean up the code in the app and root folders""",josbut,2021-06-15T02:51:34Z
178533316,task_update_activity,"josbut completed task: ""Restructure the application folders""",josbut,2021-06-15T02:51:33Z
178533316,task_update_activity,"josbut uncompleted task: ""Merged the Registration, Login, USDA API and Meal CRUD components""",josbut,2021-06-15T02:51:32Z
178533316,task_update_activity,"josbut completed task: ""Merged the Registration, Login, USDA API and Meal CRUD components""",josbut,2021-06-15T02:51:31Z
178533316,story_update_activity,josbut edited this feature,josbut,2021-06-15T02:51:04Z
178533316,task_create_activity,"josbut added task: ""Do UI testing""",josbut,2021-06-15T02:06:35Z
178533316,task_create_activity,"josbut added task: ""Debug and do the enhancements for the configuration file and the modules""",josbut,2021-06-15T02:06:27Z
178533316,task_update_activity,"josbut rewrote task: ""Clean up the code in the app and root folders""",josbut,2021-06-15T02:05:23Z
178533316,task_update_activity,"josbut rewrote task: ""Restructure the application folders""",josbut,2021-06-15T02:05:16Z
178533316,task_create_activity,"josbut added task: ""Clean up the code in the app and root folders""",josbut,2021-06-15T02:05:10Z
178533316,task_create_activity,"josbut added task: ""Restructure the application folders""",josbut,2021-06-15T02:04:47Z
178533316,task_create_activity,"josbut added task: ""Merged the Registration, Login, USDA API and Meal CRUD components""",josbut,2021-06-15T02:04:08Z
178533316,story_update_activity,josbut edited this feature,josbut,2021-06-15T02:02:11Z
178533316,story_update_activity,josbut edited this feature,josbut,2021-06-15T02:02:08Z
178533316,story_update_activity,josbut edited this feature,josbut,2021-06-15T02:00:41Z
178533316,story_create_activity,josbut added this feature,josbut,2021-06-15T01:59:46Z
178276396,story_update_activity,josbut accepted this feature,josbut,2021-06-15T01:58:45Z
178276396,story_update_activity,josbut delivered this feature,josbut,2021-06-15T01:58:32Z
178276396,task_update_activity,"josbut completed task: ""Test, debug, refactor and finalize code base - 2h""",josbut,2021-06-15T01:58:27Z
178276396,task_update_activity,"josbut completed task: ""Develop error/exception handling code in python using try/except functionality - 2h""",josbut,2021-06-15T01:58:26Z
178276396,task_update_activity,"josbut completed task: ""Develop unit tests for code to ensure functionality is sound - 1h""",josbut,2021-06-15T01:58:25Z
178276396,task_update_activity,"josbut completed task: ""Create UI that displays the total calories computed for the total food items that were entered by the user - 1h""",josbut,2021-06-15T01:58:23Z
178276396,task_update_activity,"josbut completed task: ""Develop code to access the DB, obtain all calorie values by food, totals them, and returns the total to the user - 2h""",josbut,2021-06-15T01:58:22Z
178276396,task_update_activity,"josbut completed task: ""Develop code that takes a food item and obtains the calories of that item via an API call to an external database and return and stores that data - 3h""",josbut,2021-06-15T01:58:20Z
178276396,task_update_activity,"josbut completed task: ""Develop a database table that will store the calories by food item - 2h""",josbut,2021-06-15T01:58:19Z
178276396,task_update_activity,"josbut uncompleted task: ""Develop code that takes a food item and obtains the calories of that item via an API call to an external database and return and stores that data - 3h""",josbut,2021-06-15T01:58:18Z
178276396,task_update_activity,"josbut completed task: ""Develop code that takes a food item and obtains the calories of that item via an API call to an external database and return and stores that data - 3h""",josbut,2021-06-15T01:58:16Z
178367740,story_update_activity,josbut finished this feature,josbut,2021-06-14T23:43:07Z
178367740,story_update_activity,josbut started this feature,josbut,2021-06-14T23:42:57Z
178367740,story_update_activity,josbut estimated this feature as 2 points,josbut,2021-06-14T23:42:54Z
178367740,task_update_activity,"josbut completed task: ""Integrate everything and do testing - 2hr""",josbut,2021-06-14T23:42:35Z
178367740,task_update_activity,"josbut completed task: ""Write unit tests - 2 hr""",josbut,2021-06-14T23:42:35Z
178367740,task_update_activity,"josbut completed task: ""Add the logic code to let the user to navigate to different pages based on the authentication - 1.5 hr""",josbut,2021-06-14T23:42:32Z
178367740,task_update_activity,"josbut completed task: ""Create the Landing UI page  - 2 hr""",josbut,2021-06-14T23:42:31Z
178525365,story_update_activity,josbut edited this feature,josbut,2021-06-14T23:41:51Z
178525365,story_update_activity,josbut edited this feature,josbut,2021-06-14T23:41:46Z
178525269,story_update_activity,josbut edited this feature,josbut,2021-06-14T23:41:32Z
178525269,story_update_activity,josbut edited this feature,josbut,2021-06-14T23:41:29Z
178525269,story_update_activity,josbut edited this feature,josbut,2021-06-14T23:41:26Z
23163814,label_create_activity,"josbut created labels: ""#iteration3""",josbut,2021-06-14T23:41:26Z
178525269,story_update_activity,josbut edited this feature,josbut,2021-06-14T23:41:14Z
178525138,story_update_activity,josbut edited this feature,josbut,2021-06-14T23:40:18Z
23163813,label_create_activity,"josbut created labels: ""#iteration2""",josbut,2021-06-14T23:40:18Z
178525138,story_update_activity,josbut edited this feature,josbut,2021-06-14T23:40:10Z
178525365,task_update_activity,"josbut completed task: ""Create the logic to delete the user's account""",josbut,2021-06-14T17:24:45Z
178525365,task_update_activity,"josbut completed task: ""Integrate everything and do testing""",josbut,2021-06-14T17:24:44Z
178525365,task_update_activity,"josbut completed task: ""Add the ""Delete"" link to the user's detail page """,josbut,2021-06-14T17:24:41Z
178525365,story_update_activity,josbut started this feature,josbut,2021-06-14T17:24:36Z
178525365,story_update_activity,josbut estimated this feature as 2 points,josbut,2021-06-14T17:24:34Z
178525365,story_create_activity,josbut added this feature,josbut,2021-06-14T17:24:28Z
178525269,story_update_activity,josbut started this feature,josbut,2021-06-14T17:22:54Z
178525269,story_update_activity,josbut estimated this feature as 2 points,josbut,2021-06-14T17:22:48Z
178525269,story_create_activity,josbut added this feature,josbut,2021-06-14T17:18:57Z
178525138,story_update_activity,josbut finished this feature,josbut,2021-06-14T17:11:33Z
178525138,story_update_activity,josbut started this feature,josbut,2021-06-14T17:11:29Z
178525138,story_update_activity,josbut estimated this feature as 2 points,josbut,2021-06-14T17:11:26Z
178525138,story_create_activity,josbut added this feature,josbut,2021-06-14T17:11:13Z
178524932,story_update_activity,josbut finished this feature,josbut,2021-06-14T16:59:14Z
178524932,task_update_activity,"josbut completed task: ""Integrate everything and do testing""",josbut,2021-06-14T16:59:11Z
178524932,task_update_activity,"josbut completed task: ""Write Unit Tests""",josbut,2021-06-14T16:59:10Z
178524932,task_update_activity,"josbut completed task: ""Add the logic code to get the login information from UI and do the authentication""",josbut,2021-06-14T16:59:09Z
178524932,task_update_activity,"josbut completed task: ""Create the Admin login page""",josbut,2021-06-14T16:59:05Z
178524932,task_update_activity,"josbut completed task: ""Extend Admin class from User Class""",josbut,2021-06-14T16:59:04Z
178524932,story_update_activity,josbut started this feature,josbut,2021-06-14T16:58:57Z
178524932,story_update_activity,josbut estimated this feature as 2 points,josbut,2021-06-14T16:58:54Z
178524932,story_create_activity,josbut added this feature,josbut,2021-06-14T16:58:18Z
23163146,label_create_activity,"josbut created labels: ""#essential""",josbut,2021-06-14T16:58:16Z
178523063,comment_create_activity,"Chen Zhao added comment: ""Acceptance test 1 :
GIVEN : the user is already in the food input page and is going to add food.
WHEN : the user input one kind of food and weight, and press the button “+”
THEN : One new row of input food type and weight is disappear and user is able to input his food continuely.

Acceptance test 2 :
GIVEN : the user is already in the food input page but not input food or weight.
WHEN : the user clicks the button ""+""
THEN : The prompt will say, please enter a food type or weight.""",Chen Zhao,2021-06-14T15:30:37Z
178523063,story_move_activity,Chen Zhao moved this story before 'User Diet Recommendation',Chen Zhao,2021-06-14T15:23:42Z
178523063,story_update_activity,Chen Zhao started this feature,Chen Zhao,2021-06-14T15:23:38Z
178523063,story_update_activity,Chen Zhao estimated this feature as 2 points,Chen Zhao,2021-06-14T15:23:33Z
178523063,story_create_activity,Chen Zhao added this feature,Chen Zhao,2021-06-14T15:23:27Z
178277403,story_update_activity,Chen Zhao edited this feature,Chen Zhao,2021-06-14T15:21:20Z
178277403,story_update_activity,Chen Zhao edited this feature,Chen Zhao,2021-06-14T15:21:17Z
178257981,story_delete_activity,Chen Zhao deleted this feature,Chen Zhao,2021-06-14T15:20:52Z
178277807,story_update_activity,Chen Zhao edited this feature,Chen Zhao,2021-06-14T15:20:41Z
178277807,story_update_activity,Chen Zhao edited this feature,Chen Zhao,2021-06-14T15:20:39Z
178276396,story_update_activity,Chen Zhao edited this feature,Chen Zhao,2021-06-14T15:20:34Z
178276396,story_update_activity,Chen Zhao edited this feature,Chen Zhao,2021-06-14T15:20:33Z
178522981,story_delete_activity,Chen Zhao deleted this feature,Chen Zhao,2021-06-14T15:19:50Z
178522981,story_create_activity,Chen Zhao added this feature,Chen Zhao,2021-06-14T15:19:19Z
178276275,story_update_activity,Chen Zhao edited this feature,Chen Zhao,2021-06-14T15:18:16Z
178276275,story_update_activity,Chen Zhao edited this feature,Chen Zhao,2021-06-14T15:18:14Z
178257588,story_update_activity,Chen Zhao accepted this feature,Chen Zhao,2021-06-14T15:17:58Z
178257588,story_update_activity,Chen Zhao delivered this feature,Chen Zhao,2021-06-14T15:17:32Z
178257588,story_update_activity,Chen Zhao finished this feature,Chen Zhao,2021-06-14T15:17:31Z
178241022,story_update_activity,Chen Zhao accepted this feature,Chen Zhao,2021-06-14T15:17:30Z
178241022,story_update_activity,Chen Zhao delivered this feature,Chen Zhao,2021-06-14T15:17:28Z
178240764,story_update_activity,Chen Zhao accepted this feature,Chen Zhao,2021-06-14T15:17:26Z
178240764,story_update_activity,Chen Zhao delivered this feature,Chen Zhao,2021-06-14T15:17:22Z
178522805,story_move_activity,Chen Zhao moved this story before 'Calculate Total Calories of a Meal',Chen Zhao,2021-06-14T15:17:13Z
178522805,story_update_activity,Chen Zhao started this feature,Chen Zhao,2021-06-14T15:17:08Z
178278708,story_update_activity,Chen Zhao edited this feature,Chen Zhao,2021-06-14T15:16:22Z
178278708,story_update_activity,Chen Zhao edited this feature,Chen Zhao,2021-06-14T15:16:19Z
178278379,story_update_activity,Chen Zhao edited this feature,Chen Zhao,2021-06-14T15:15:50Z
178278379,story_update_activity,Chen Zhao edited this feature,Chen Zhao,2021-06-14T15:15:48Z
178278708,story_update_activity,Chen Zhao edited this feature,Chen Zhao,2021-06-14T15:15:42Z
178278708,story_update_activity,Chen Zhao edited this feature,Chen Zhao,2021-06-14T15:15:37Z
178276379,story_update_activity,Chen Zhao edited this feature,Chen Zhao,2021-06-14T15:13:51Z
178276379,story_update_activity,Chen Zhao edited this feature,Chen Zhao,2021-06-14T15:13:49Z
178277405,story_update_activity,Chen Zhao edited this feature,Chen Zhao,2021-06-14T15:13:40Z
178277405,story_update_activity,Chen Zhao edited this feature,Chen Zhao,2021-06-14T15:13:37Z
178257588,story_update_activity,Chen Zhao edited this feature,Chen Zhao,2021-06-14T15:13:28Z
178257588,story_update_activity,Chen Zhao edited this feature,Chen Zhao,2021-06-14T15:13:25Z
178241022,story_update_activity,Chen Zhao edited this feature,Chen Zhao,2021-06-14T15:13:10Z
178241022,story_update_activity,Chen Zhao edited this feature,Chen Zhao,2021-06-14T15:13:07Z
178240764,story_update_activity,Chen Zhao edited this feature,Chen Zhao,2021-06-14T15:12:58Z
23162919,label_create_activity,"Chen Zhao created labels: ""iteration2""",Chen Zhao,2021-06-14T15:12:57Z
178240764,story_update_activity,Chen Zhao edited this feature,Chen Zhao,2021-06-14T15:12:43Z
178522805,story_move_activity,Chen Zhao moved this story after 'Create a gateway to a site's content - Landing page (Home page)',Chen Zhao,2021-06-14T15:12:13Z
178522805,story_update_activity,Chen Zhao estimated this feature as 1 point,Chen Zhao,2021-06-14T15:12:07Z
178522805,story_create_activity,Chen Zhao added this feature,Chen Zhao,2021-06-14T15:12:03Z
23162918,label_create_activity,"Chen Zhao created labels: ""iteration3""",Chen Zhao,2021-06-14T15:12:02Z
178241022,story_update_activity,josbut finished this feature,josbut,2021-06-13T06:20:57Z
178241022,task_update_activity,"josbut completed task: ""Integrate everything and do testing (JB) - 1h""",josbut,2021-06-13T06:20:54Z
178241022,task_update_activity,"josbut completed task: ""Write unit test - 2h""",josbut,2021-06-13T06:20:53Z
178241022,comment_update_activity,josbut edited this comment,josbut,2021-06-13T06:18:38Z
178241022,comment_update_activity,josbut edited this comment,josbut,2021-06-13T06:11:31Z
178241022,comment_update_activity,josbut edited this comment,josbut,2021-06-13T06:02:24Z
178240764,story_update_activity,josbut finished this feature,josbut,2021-06-13T05:59:43Z
178240764,task_update_activity,"josbut completed task: ""Write unit tests - 3h""",josbut,2021-06-13T05:59:39Z
178240764,comment_update_activity,josbut edited this comment,josbut,2021-06-13T05:59:36Z
178240764,task_update_activity,"josbut completed task: ""Integrate everything and do testing - 2h""",josbut,2021-06-13T05:59:06Z
178240764,task_update_activity,"josbut uncompleted task: ""Write unit tests - 3h""",josbut,2021-06-13T05:59:05Z
178240764,task_update_activity,"josbut completed task: ""Write unit tests - 3h""",josbut,2021-06-13T05:59:04Z
178240764,comment_update_activity,josbut edited this comment,josbut,2021-06-13T03:28:20Z
178277807,comment_create_activity,"grazida3 added comment: ""Just added better class structure for the backend code.  Needs to be reconciled with @rclarknb code before final deployment.""",grazida3,2021-06-08T02:50:38Z
178277807,task_update_activity,"grazida3 completed task: ""write retrieval code to get information from database - 3h""",grazida3,2021-06-08T02:49:59Z
178277807,task_update_activity,"grazida3 completed task: ""define storage schema of user nutritional data time points along with other personal info - 2h""",grazida3,2021-06-08T02:49:56Z
178277405,story_update_activity,josbut edited this feature,josbut,2021-06-05T19:08:35Z
178277405,task_update_activity,"josbut rewrote task: ""Add the fields user gender, age, weight and height to the registration UI - 1 hour""",josbut,2021-06-05T19:08:29Z
178277405,comment_update_activity,josbut edited this comment,josbut,2021-06-04T04:39:56Z
178277405,task_update_activity,"josbut rewrote task: ""Add attributes(age and weight) into the user table -- 0.5 hour""",josbut,2021-06-04T04:38:55Z
178277405,story_update_activity,josbut edited this feature,josbut,2021-06-04T04:38:41Z
178277405,task_update_activity,"josbut rewrote task: ""Add the fields user age and weight to the registration UI - 1 hour""",josbut,2021-06-04T04:38:39Z
178356862,story_update_activity,josbut accepted this chore,josbut,2021-06-02T18:17:52Z
178356862,task_update_activity,"josbut completed task: ""Archive all docs to GitHub, create the release and will post the ""release link"" on Blackboard - Huimin""",josbut,2021-06-02T18:17:44Z
178356862,task_update_activity,"josbut completed task: ""SDD Document : Database Design - Chen""",josbut,2021-06-02T18:17:41Z
178356862,task_update_activity,"josbut completed task: ""Export the user stories to a csv file for submission """,josbut,2021-06-02T06:01:31Z
178356862,task_update_activity,"josbut rewrote task: ""Export the user stories to a csv file for submission """,josbut,2021-06-02T06:01:30Z
178356862,task_update_activity,"josbut completed task: ""Power point : Security - Zixia""",josbut,2021-06-02T06:01:14Z
178356862,task_update_activity,"josbut completed task: ""Power point : Database Design - Danny""",josbut,2021-06-02T06:01:09Z
178356862,task_update_activity,"josbut rewrote task: ""Power point : Database Design - Danny""",josbut,2021-06-02T06:01:08Z
178356862,task_update_activity,"josbut completed task: ""Power point : Class Diagram - Ray""",josbut,2021-06-02T06:00:50Z
178356862,task_update_activity,"josbut completed task: ""Power point : Software Architecture - Danny""",josbut,2021-06-02T06:00:49Z
178356862,task_update_activity,"josbut completed task: ""Power point : Software Design Introduction - Ray""",josbut,2021-06-02T06:00:46Z
178356862,task_update_activity,"josbut completed task: ""SDD Document : Key Algorithms :  Huimin""",josbut,2021-06-02T06:00:42Z
178356862,task_update_activity,"josbut completed task: ""SDD Document : Security Design - Zixia""",josbut,2021-06-02T06:00:41Z
178356862,task_update_activity,"josbut rewrote task: ""SDD Document : Software Architecture - Danny   """,josbut,2021-06-02T06:00:28Z
178356862,task_update_activity,"josbut completed task: ""SDD Document : Software Architecture - Danny   """,josbut,2021-06-02T06:00:14Z
178356862,task_update_activity,"josbut completed task: ""SDD Document : Introduction, Design Pattern, Class Diagram - Ray""",josbut,2021-06-02T06:00:12Z
178356862,task_update_activity,"josbut uncompleted task: ""SDD Document : Introduction, Design Pattern, Class Diagram - Ray""",josbut,2021-06-02T06:00:09Z
178356862,task_update_activity,"josbut completed task: ""SDD Document : Introduction, Design Pattern, Class Diagram - Ray""",josbut,2021-06-02T06:00:09Z
178356862,task_update_activity,"josbut completed task: ""API Data Retrieval Code walk through - Danny """,josbut,2021-06-02T05:59:54Z
178356862,task_update_activity,"josbut uncompleted task: ""API Data Retrieval Code walk through - Danny """,josbut,2021-06-02T05:59:53Z
178356862,task_update_activity,"josbut rewrote task: ""API Data Retrieval Code walk through - Danny """,josbut,2021-06-02T05:59:51Z
178356862,task_update_activity,"josbut completed task: ""Update README file - Humin""",josbut,2021-06-02T05:58:30Z
178356862,task_update_activity,"josbut completed task: ""API Data Retrieval Code walk through - Danny """,josbut,2021-06-02T05:58:24Z
178356862,task_update_activity,"josbut completed task: ""Presentation Video  - Ray & Josephine""",josbut,2021-06-02T05:58:20Z
178356862,task_update_activity,"josbut completed task: ""Power Point (Presentation)  - Everyone""",josbut,2021-06-02T05:58:19Z
178356862,task_update_activity,"josbut completed task: ""Write the SDD Document for each section  - Everyone""",josbut,2021-06-02T05:58:09Z
178356862,task_update_activity,"josbut completed task: ""SPPP Document Update   - Everyone""",josbut,2021-06-02T05:58:00Z
178356862,task_update_activity,"josbut completed task: ""Update Progress Report Summary - Ray""",josbut,2021-06-02T05:57:59Z
178356862,task_update_activity,"josbut completed task: ""Update Progress Report - Everyone""",josbut,2021-06-02T05:57:57Z
178356862,task_update_activity,"josbut rewrote task: ""SDD Document : Key Algorithms :  Huimin""",josbut,2021-06-02T03:33:54Z
178356862,task_update_activity,"josbut rewrote task: ""Export the user stories to a csv file for submission - Huimin""",josbut,2021-06-02T03:33:31Z
178356862,task_update_activity,"josbut rewrote task: ""Export the user stories to a csv file for submission - Humin""",josbut,2021-06-02T03:33:26Z
178356862,task_update_activity,"josbut rewrote task: ""Power point : Security - Zixia""",josbut,2021-06-02T03:33:10Z
178356862,task_delete_activity,josbut deleted a task on this story,josbut,2021-06-02T03:32:52Z
178356862,task_create_activity,"josbut added task: ""Export the user stories to a csv file for submission """,josbut,2021-06-02T03:04:44Z
178356862,task_update_activity,"josbut rewrote task: ""Power point : Home, Registration/Login, User's dashboard, Create A Meal/ Calculate Calories UI Layout pages - Josephine""",josbut,2021-06-01T21:19:17Z
178356862,task_update_activity,"josbut rewrote task: ""Power point : Home, Registration/Login, User's dashboard, Create A Meal/ Calculate Calories UI pages - Josephine""",josbut,2021-06-01T21:19:04Z
178356862,task_update_activity,"josbut rewrote task: ""API Data Retrieval Code walk through video - Danny ( May not need it, it is up to Danny )""",josbut,2021-06-01T21:18:13Z
178356862,task_update_activity,"josbut rewrote task: ""Registration/Login Code walk through video - Josephine""",josbut,2021-06-01T21:18:09Z
178356862,task_update_activity,"grazida3 uncompleted task: ""Update Progress Report - Everyone""",grazida3,2021-06-01T20:35:25Z
178356862,task_update_activity,"grazida3 completed task: ""Update Progress Report - Everyone""",grazida3,2021-06-01T20:35:24Z
178356862,story_update_activity,grazida3 started this chore,grazida3,2021-06-01T19:57:34Z
178356862,story_move_activity,josbut moved this story after 'Create a gateway to a site's content - Landing page (Home page)',josbut,2021-06-01T19:28:12Z
178356862,story_update_activity,josbut unstarted this chore,josbut,2021-06-01T19:27:54Z
178356862,story_update_activity,josbut started this chore,josbut,2021-06-01T19:27:32Z
178367740,story_update_activity,josbut edited this feature,josbut,2021-06-01T18:23:23Z
178367740,story_create_activity,josbut added this feature,josbut,2021-06-01T18:18:13Z
178241022,comment_update_activity,josbut edited this comment,josbut,2021-06-01T18:17:45Z
178240764,comment_update_activity,josbut edited this comment,josbut,2021-06-01T18:10:59Z
178356862,story_create_activity,josbut added this chore,josbut,2021-06-01T06:10:36Z
178277405,comment_create_activity,"josbut added comment: ""@josbut
GIVEN a ""Registration"" link is available
WHEN the user clicks on the ""Registration"" link
THEN a user registration page will be displayed to the user to enable the user to input the user first name, user last name, username, password, email, gender, age, weight and height.

@josbut
GIVEN the user registration page is available
WHEN the user fills all fields and click the ""Sign up"" button
THEN the user information will be added into the system and the login page will be displayed

@josbut
GIVEN the user registration page is available
WHEN the user fills some fields (first name, username, password and email) and click the ""Sign up"" button
THEN an error message (Registration is not successful) will be displayed.""",josbut,2021-06-01T05:34:17Z
178240764,comment_update_activity,josbut edited this comment,josbut,2021-06-01T05:34:06Z
178277405,story_update_activity,josbut edited this feature,josbut,2021-06-01T05:33:21Z
178277405,story_update_activity,josbut edited this feature,josbut,2021-06-01T05:32:30Z
178277405,story_update_activity,josbut edited this feature,josbut,2021-06-01T05:27:12Z
178241022,comment_update_activity,josbut edited this comment,josbut,2021-06-01T05:26:04Z
178240764,comment_update_activity,josbut edited this comment,josbut,2021-06-01T05:24:15Z
178277405,task_update_activity,"josbut rewrote task: ""Write unit tests.""",josbut,2021-06-01T05:22:11Z
178277405,task_create_activity,"josbut added task: ""Integrate everything and do testing.""",josbut,2021-06-01T05:22:07Z
178277405,task_update_activity,"josbut rewrote task: ""Write unit tests""",josbut,2021-06-01T05:21:57Z
178277405,task_update_activity,"josbut rewrote task: ""Add the fields user gender, age, height and weight to the registration UI - 1 hour""",josbut,2021-06-01T05:21:16Z
178241022,task_update_activity,"josbut completed task: ""Add the logic code to get the user login information from UI and do the user authentication. - 3h""",josbut,2021-06-01T05:20:34Z
178241022,task_update_activity,"josbut completed task: ""Create the login UI page - 2h""",josbut,2021-06-01T05:20:33Z
178241022,task_update_activity,"josbut completed task: ""In a login class, create login method - 0.5h""",josbut,2021-06-01T05:20:30Z
178277405,story_update_activity,josbut edited this feature,josbut,2021-06-01T05:19:53Z
178240764,task_update_activity,"josbut completed task: ""Create the database and the user table - 2h""",josbut,2021-06-01T05:18:07Z
178240764,task_update_activity,"josbut completed task: ""Create the register UI page  - 2h""",josbut,2021-06-01T05:18:04Z
178240764,task_update_activity,"josbut completed task: ""Add the logic code to get the user register information from UI and add the user info into the table - 3h""",josbut,2021-06-01T05:18:02Z
178240764,task_update_activity,"josbut uncompleted task: ""Add the logic code to get the user register information from UI and add the user info into the table - 3h""",josbut,2021-06-01T05:17:57Z
178240764,task_update_activity,"josbut completed task: ""Add the logic code to get the user register information from UI and add the user info into the table - 3h""",josbut,2021-06-01T05:17:56Z
178240764,task_update_activity,"josbut completed task: ""Create the login class - 0.5h""",josbut,2021-06-01T05:17:49Z
178277405,task_update_activity,"josbut rewrote task: ""Manual testing for the registration functionality.""",josbut,2021-06-01T05:17:19Z
178277405,task_delete_activity,josbut deleted a task on this story,josbut,2021-06-01T05:16:29Z
178277405,task_update_activity,"josbut rewrote task: ""Update the code in registration method.""",josbut,2021-06-01T05:16:26Z
178277405,task_delete_activity,josbut deleted a task on this story,josbut,2021-06-01T05:16:01Z
178277405,task_update_activity,"josbut rewrote task: ""Add attributes(gender, age, height and weight) into the user table -- 0.5 hour""",josbut,2021-06-01T05:15:33Z
178277405,task_update_activity,"josbut rewrote task: ""Add attributes(sex, height, weight) into the user table -- 0.5 hour""",josbut,2021-06-01T05:14:55Z
178277405,task_update_activity,"josbut rewrote task: ""Add the fields user gender, age, height and weight to the registration page - 1 hour""",josbut,2021-06-01T05:14:01Z
178277405,task_update_activity,"josbut moved task: ""Add the fields user gender, age, weight and height to the registration UI - 1 hour""",josbut,2021-06-01T05:10:31Z
178277405,task_create_activity,"josbut added task: ""Add the fields user gender, age, weight and height to the registration UI - 1 hour""",josbut,2021-06-01T05:10:27Z
178277405,story_update_activity,josbut edited this feature,josbut,2021-06-01T05:07:23Z
178257588,comment_create_activity,"josbut added comment: ""@josbut
Acceptance test 1 :
GIVEN : the user is already logged in and logout link is available on the user's dashboard page
WHEN : the user clicks the logout link
THEN : the user will logout from the system by displaying ""You are successfully logout!""
             and redirect to the landing page ( Home page).

@josbut
Acceptance test 2 :
GIVEN : the user is already logged in and logout link is available on the ""Create A Meal/Calculate Calories"" page
WHEN : the user clicks the logout link
THEN : the user will logout from the system by displaying ""You are successfully logout!""
             and redirect to the landing page (Home page).

@josbut 
Acceptance test 3 :
GIVEN : the user is already logged in and logout link is available on the ""User Profile"" page
WHEN : the user clicks the logout link
THEN : the user will logout from the system by displaying ""You are successfully logout!"" 
             and redirect to the landing page (Home page).""",josbut,2021-06-01T05:03:33Z
178257588,task_update_activity,"josbut rewrote task: ""Create a logout method in registerLogin.py - 0.2 hr""",josbut,2021-06-01T04:25:55Z
178257588,task_delete_activity,josbut deleted a task on this story,josbut,2021-06-01T04:22:20Z
178257588,task_delete_activity,josbut deleted a task on this story,josbut,2021-06-01T04:22:12Z
178257588,task_delete_activity,josbut deleted a task on this story,josbut,2021-06-01T04:22:09Z
178257588,task_delete_activity,josbut deleted a task on this story,josbut,2021-06-01T04:22:07Z
178257588,task_update_activity,"josbut rewrote task: ""Create a logout Class - Ray - 0.5 hr""",josbut,2021-06-01T04:20:09Z
178257588,task_update_activity,"josbut rewrote task: ""Create a logout method - 0.5 hr""",josbut,2021-06-01T04:17:12Z
178276396,story_move_activity,Chen Zhao moved this story before 'View a meal - Retrieve past meal information',Chen Zhao,2021-05-31T14:14:41Z
178277807,story_move_activity,Chen Zhao moved this story before 'lab2_project_search',Chen Zhao,2021-05-31T14:14:09Z
178277807,story_update_activity,Chen Zhao started this feature,Chen Zhao,2021-05-31T14:14:06Z
178276275,story_move_activity,Chen Zhao moved this story before 'lab2_project_search',Chen Zhao,2021-05-31T14:14:00Z
178276275,story_update_activity,Chen Zhao started this feature,Chen Zhao,2021-05-31T14:13:58Z
178276379,story_move_activity,Chen Zhao moved this story before 'lab2_project_search',Chen Zhao,2021-05-31T14:13:29Z
178276379,story_update_activity,Chen Zhao started this feature,Chen Zhao,2021-05-31T14:13:25Z
178241022,task_update_activity,"josbut rewrote task: ""Write unit test - 2h""",josbut,2021-05-30T20:54:36Z
178241022,task_update_activity,"josbut rewrote task: ""Add the logic code to get the user login information from UI and do the user authentication. - 3h""",josbut,2021-05-30T20:54:32Z
178241022,task_update_activity,"josbut rewrote task: ""Create the login UI page - 2h""",josbut,2021-05-30T20:54:28Z
178241022,task_update_activity,"josbut rewrote task: ""In a login class, create login method - 0.5h""",josbut,2021-05-30T20:54:24Z
178240764,task_update_activity,"josbut rewrote task: ""Integrate everything and do testing - 2h""",josbut,2021-05-30T20:54:11Z
178240764,task_update_activity,"josbut rewrote task: ""Write unit tests - 3h""",josbut,2021-05-30T20:54:07Z
178240764,task_update_activity,"josbut rewrote task: ""Create the database and the user table - 2h""",josbut,2021-05-30T20:54:04Z
178240764,task_update_activity,"josbut rewrote task: ""Create the register UI page  - 2h""",josbut,2021-05-30T20:54:00Z
178240764,task_update_activity,"josbut rewrote task: ""Add the logic code to get the user register information from UI and add the user info into the table - 3h""",josbut,2021-05-30T20:53:57Z
178240764,task_update_activity,"josbut rewrote task: ""Create the login class - 0.5h""",josbut,2021-05-30T20:53:53Z
178277405,story_move_activity,Chen Zhao moved this story before 'lab2_project_search',Chen Zhao,2021-05-27T01:46:12Z
2498532,project_membership_update_activity,bechtol updated the membership role for Huimin Diao,bechtol,2021-05-26T20:53:00Z
2498532,project_membership_update_activity,bechtol updated the membership role for Huimin Diao,bechtol,2021-05-26T20:52:56Z
178277807,story_update_activity,grazida3 edited this feature,grazida3,2021-05-25T23:12:21Z
178241022,story_update_activity,josbut edited this feature,josbut,2021-05-25T18:28:18Z
178240764,story_update_activity,josbut edited this feature,josbut,2021-05-25T18:28:08Z
178278379,story_update_activity,Huimin Diao started this feature,Huimin Diao,2021-05-25T06:02:37Z
178278708,story_update_activity,Huimin Diao started this feature,Huimin Diao,2021-05-25T06:02:24Z
178278708,story_create_activity,Huimin Diao added this feature,Huimin Diao,2021-05-25T06:02:13Z
23118731,label_create_activity,"Huimin Diao created labels: ""optional""",Huimin Diao,2021-05-25T06:02:12Z
178276396,comment_update_activity,rclarknb edited this comment,rclarknb,2021-05-25T05:44:11Z
178276396,task_update_activity,"rclarknb moved task: ""Develop unit tests for code to ensure functionality is sound - 1h""",rclarknb,2021-05-25T05:43:37Z
178276396,task_update_activity,"rclarknb moved task: ""Develop unit tests for code to ensure functionality is sound - 1h""",rclarknb,2021-05-25T05:43:25Z
178276396,story_update_activity,Huimin Diao edited this feature,Huimin Diao,2021-05-25T05:10:49Z
178278379,story_update_activity,Huimin Diao edited this feature,Huimin Diao,2021-05-25T05:10:27Z
178278379,story_update_activity,Huimin Diao edited this feature,Huimin Diao,2021-05-25T05:10:25Z
178276396,story_update_activity,Huimin Diao finished this feature,Huimin Diao,2021-05-25T05:09:46Z
178278379,story_update_activity,Huimin Diao edited this feature,Huimin Diao,2021-05-25T05:09:43Z
178278379,story_create_activity,Huimin Diao added this feature,Huimin Diao,2021-05-25T05:07:19Z
23118678,label_create_activity,"Huimin Diao created labels: ""user info management""",Huimin Diao,2021-05-25T05:07:18Z
178276396,story_update_activity,Huimin Diao started this feature,Huimin Diao,2021-05-25T04:39:46Z
178277807,story_create_activity,grazida3 added this feature,grazida3,2021-05-25T03:13:49Z
178257588,comment_create_activity,"Chen Zhao added comment: ""Test example 2:
GIVEN the user is not logged in
WHEN the user clicks on the logout link
Then an error message should be displayed: “Please login first.”""",Chen Zhao,2021-05-25T02:54:20Z
178277405,comment_create_activity,"Chen Zhao added comment: ""Test example 1:
GIVEN the user is already logged in and the ""input user data"" button is available,
WHEN the user clicks on the ""input user data"" button and input sex(eg: ""male""), weight(eg: ""80""), height(eg: 176) and click the ""submit"" button,
THEN an input user data successfully reminder(which may be a Pop-up window) will be displayed.

Test example 2:
GIVEN the user is already logged in and the ""input user data"" button is available,
When the user clicks the ""submit"" button without providing any valid data,
Then an error message should be displayed: “Please input valid data.”""",Chen Zhao,2021-05-25T02:41:20Z
178277405,task_create_activity,"Chen Zhao added task: ""Write unit tests.""",Chen Zhao,2021-05-25T02:32:15Z
178277405,task_create_activity,"Chen Zhao added task: ""Implement the database to make sure saving user data -- 3-5 person hours""",Chen Zhao,2021-05-25T02:31:53Z
178277405,task_create_activity,"Chen Zhao added task: ""Update the code in registration method.""",Chen Zhao,2021-05-25T02:31:14Z
178277405,task_update_activity,"Chen Zhao rewrote task: ""Design the UI to make user could input the data. -- 1 person hour""",Chen Zhao,2021-05-25T02:30:48Z
178277405,task_create_activity,"Chen Zhao added task: ""Design the UI to make user could input the data. -- 1 person hour""",Chen Zhao,2021-05-25T02:30:42Z
178277405,task_update_activity,"Chen Zhao rewrote task: ""Add attributes(sex, height, weight) into the class user -- 0.5 person hour""",Chen Zhao,2021-05-25T02:29:37Z
178277405,task_create_activity,"Chen Zhao added task: ""Add attributes(age and weight) into the user table -- 0.5 hour""",Chen Zhao,2021-05-25T02:29:25Z
178276379,story_update_activity,grazida3 edited this feature,grazida3,2021-05-25T02:27:24Z
178276379,comment_update_activity,grazida3 edited this comment,grazida3,2021-05-25T02:26:30Z
178257588,comment_create_activity,"Chen Zhao added comment: ""Test example 1:
GIVEN the user is already logged in and the logout link is available
WHEN the user clicks on the logout link
THEN a user logout successful reminder(which may be a Pop-up window) will be displayed to the user to enable the user have successfully logout.""",Chen Zhao,2021-05-25T02:24:29Z
178257588,task_update_activity,"Chen Zhao rewrote task: ""Implement the database to make sure logout action -- 3-5 person hours""",Chen Zhao,2021-05-25T02:19:50Z
178257588,task_create_activity,"Chen Zhao added task: ""Create testing case -- 2 person hours""",Chen Zhao,2021-05-25T02:19:22Z
178257588,task_update_activity,"Chen Zhao rewrote task: ""Implement the database to make sure logout action""",Chen Zhao,2021-05-25T02:18:55Z
178257588,task_update_activity,"Chen Zhao rewrote task: ""Create a UI mockups for manage user logout -- (Ray) --2 person hours""",Chen Zhao,2021-05-25T02:18:19Z
178257588,task_create_activity,"Chen Zhao added task: ""Implement the database to make sure logout action -- 3-5 person hours""",Chen Zhao,2021-05-25T02:18:07Z
178257588,task_create_activity,"Chen Zhao added task: ""Implement UI to logout -- 2-5 person hours""",Chen Zhao,2021-05-25T02:16:50Z
178257588,task_update_activity,"Chen Zhao rewrote task: ""Create a UI mockups for manage user logout -- (Ray) --0.5 person hour""",Chen Zhao,2021-05-25T02:16:20Z
178257588,task_create_activity,"Chen Zhao added task: ""Create a UI mockups for manage user logout -- (Ray) --2 person hours""",Chen Zhao,2021-05-25T02:16:02Z
178257588,task_create_activity,"Chen Zhao added task: ""Create a logout method in registerLogin.py - 0.2 hr""",Chen Zhao,2021-05-25T02:15:20Z
178257588,blocker_update_activity,"Chen Zhao re-added a blocker: ""#178240764""",Chen Zhao,2021-05-25T02:13:00Z
178257588,blocker_update_activity,"Chen Zhao re-added a blocker: ""#178241022""",Chen Zhao,2021-05-25T02:12:58Z
178277405,story_update_activity,Chen Zhao started this feature,Chen Zhao,2021-05-25T02:11:37Z
178277405,story_create_activity,Chen Zhao added this feature,Chen Zhao,2021-05-25T02:11:05Z
178277403,story_update_activity,zixia zhou started this feature,zixia zhou,2021-05-25T02:10:45Z
178277403,story_create_activity,zixia zhou added this feature,zixia zhou,2021-05-25T02:10:26Z
178257589,story_delete_activity,Chen Zhao deleted this feature,Chen Zhao,2021-05-25T02:08:05Z
178276275,comment_update_activity,rclarknb edited this comment,rclarknb,2021-05-25T01:12:48Z
178276275,task_update_activity,"rclarknb rewrote task: ""Test, debug, refactor and finalize code base - 2h""",rclarknb,2021-05-25T01:05:57Z
178276396,task_update_activity,"rclarknb rewrote task: ""Test, debug, refactor and finalize code base - 2h""",rclarknb,2021-05-25T01:05:31Z
178276396,comment_update_activity,rclarknb edited this comment,rclarknb,2021-05-24T23:50:17Z
178276379,comment_update_activity,grazida3 edited this comment,grazida3,2021-05-24T23:44:23Z
178276275,comment_update_activity,rclarknb edited this comment,rclarknb,2021-05-24T23:43:21Z
178276275,comment_update_activity,rclarknb edited this comment,rclarknb,2021-05-24T23:42:50Z
178276379,task_update_activity,"rclarknb moved task: ""create configuration storage scheme for holding user API keys for USDA so api keys are not publicly posted into github. (DG) 1hr""",rclarknb,2021-05-24T23:38:02Z
178276379,task_update_activity,"rclarknb moved task: ""create configuration storage scheme for holding user API keys for USDA so api keys are not publicly posted into github. (DG) 1hr""",rclarknb,2021-05-24T23:37:54Z
178276379,story_update_activity,grazida3 edited this feature,grazida3,2021-05-24T23:25:59Z
178276396,story_create_activity,rclarknb added this feature,rclarknb,2021-05-24T23:25:21Z
178276379,story_create_activity,grazida3 added this feature,grazida3,2021-05-24T23:22:36Z
178276275,story_create_activity,rclarknb added this feature,rclarknb,2021-05-24T23:05:20Z
178240764,task_update_activity,"rclarknb moved task: ""Add the logic code to get the user register information from UI and add the user info into the table - 3h""",rclarknb,2021-05-24T22:34:15Z
178241022,comment_update_activity,josbut edited this comment,josbut,2021-05-24T17:05:53Z
178241022,comment_update_activity,josbut edited this comment,josbut,2021-05-24T16:58:52Z
178241022,comment_update_activity,josbut edited this comment,josbut,2021-05-24T07:54:10Z
178240764,comment_update_activity,josbut edited this comment,josbut,2021-05-24T07:51:49Z
178240764,comment_update_activity,josbut edited this comment,josbut,2021-05-24T07:48:37Z
178241022,comment_update_activity,josbut edited this comment,josbut,2021-05-24T05:02:26Z
178240764,comment_update_activity,josbut edited this comment,josbut,2021-05-24T05:00:14Z
178257981,story_update_activity,zixia zhou edited this feature,zixia zhou,2021-05-23T05:34:01Z
178257981,story_update_activity,zixia zhou started this feature,zixia zhou,2021-05-23T05:31:34Z
178257981,comment_delete_activity,"zixia zhou removed comment: ""Given the user enters the type and weight of the food consumed (unit: g), when the user clicks the search button, then if the database doesn't have a type that user input, It will show that the food is not in the database""",zixia zhou,2021-05-23T05:30:52Z
178257981,comment_create_activity,"zixia zhou added comment: ""@zzxia Given the user enters the type and weight of the food consumed (unit: g), when the user clicks the search button, then if the database doesn't have a type that the user input, It will show that the food is not in the database.""",zixia zhou,2021-05-23T05:30:50Z
178257981,comment_create_activity,"zixia zhou added comment: ""@zzxia Given the user enters the type and weight of the food consumed (unit: g), when the user clicks the search button, then the data of food calories display to the user.""",zixia zhou,2021-05-23T05:30:32Z
178257981,comment_delete_activity,"zixia zhou removed comment: ""Given the user enters the type and weight of the food consumed (unit: g), when the user clicks the search button, then the data of food calories display to the user.""",zixia zhou,2021-05-23T05:30:30Z
178257981,comment_create_activity,"zixia zhou added comment: ""Given the user enters the type and weight of the food consumed (unit: g), when the user clicks the search button, then if the database doesn't have a type that user input, It will show that the food is not in the database""",zixia zhou,2021-05-23T05:29:53Z
178257981,comment_create_activity,"zixia zhou added comment: ""Given the user enters the type and weight of the food consumed (unit: g), when the user clicks the search button, then the data of food calories display to the user.""",zixia zhou,2021-05-23T05:26:27Z
178257981,story_create_activity,zixia zhou added this feature,zixia zhou,2021-05-23T05:18:57Z
178257588,story_update_activity,zixia zhou edited this feature,zixia zhou,2021-05-23T05:03:24Z
178257588,blocker_update_activity,"zixia zhou resolved a blocker: ""#178241022""",zixia zhou,2021-05-23T05:03:03Z
178257588,blocker_update_activity,"zixia zhou resolved a blocker: ""#178240764""",zixia zhou,2021-05-23T05:03:02Z
178241022,story_update_activity,josbut edited this feature,josbut,2021-05-23T01:24:18Z
178241022,story_update_activity,josbut edited this feature,josbut,2021-05-23T01:24:16Z
178241022,story_update_activity,josbut edited this feature,josbut,2021-05-23T01:24:14Z
178240764,story_update_activity,josbut edited this feature,josbut,2021-05-23T01:24:00Z
178240764,story_update_activity,josbut edited this feature,josbut,2021-05-23T01:23:53Z
178240764,story_update_activity,josbut edited this feature,josbut,2021-05-23T01:23:43Z
23116708,label_create_activity,"josbut created labels: ""lab2""",josbut,2021-05-23T01:23:43Z
178257588,story_update_activity,Chen Zhao started this feature,Chen Zhao,2021-05-23T01:10:06Z
178257588,story_update_activity,Chen Zhao edited this feature,Chen Zhao,2021-05-23T01:02:36Z
178257588,blocker_create_activity,"Chen Zhao added a blocker: ""#178241022""",Chen Zhao,2021-05-23T01:01:10Z
178257588,blocker_create_activity,"Chen Zhao added a blocker: ""#178240764""",Chen Zhao,2021-05-23T01:00:50Z
178257589,story_create_activity,Chen Zhao added this feature,Chen Zhao,2021-05-23T00:58:15Z
178257588,story_create_activity,Chen Zhao added this feature,Chen Zhao,2021-05-23T00:57:38Z
178241022,story_update_activity,josbut edited this feature,josbut,2021-05-22T23:19:04Z
178241022,story_update_activity,josbut edited this feature,josbut,2021-05-22T23:18:59Z
178240764,story_update_activity,josbut edited this feature,josbut,2021-05-22T23:18:24Z
23116692,label_create_activity,"josbut created labels: ""essential""",josbut,2021-05-22T23:18:23Z
178240764,story_update_activity,josbut edited this feature,josbut,2021-05-22T23:18:18Z
178240764,comment_update_activity,josbut edited this comment,josbut,2021-05-21T22:53:27Z
178241022,comment_update_activity,josbut edited this comment,josbut,2021-05-21T22:53:23Z
178241022,story_update_activity,josbut edited this feature,josbut,2021-05-21T22:38:54Z
178240764,story_update_activity,josbut edited this feature,josbut,2021-05-21T22:38:40Z
178241022,comment_update_activity,josbut edited this comment,josbut,2021-05-21T21:47:53Z
178241022,story_update_activity,josbut started this feature,josbut,2021-05-21T21:15:00Z
178241022,story_update_activity,josbut unstarted this feature,josbut,2021-05-21T21:14:52Z
178241022,story_update_activity,josbut delivered this feature,josbut,2021-05-21T21:14:38Z
178241022,story_update_activity,josbut finished this feature,josbut,2021-05-21T21:14:37Z
178241022,blocker_create_activity,"josbut added a blocker: ""#178240764 - User registration needs to be done before user can login into the system""",josbut,2021-05-21T21:10:23Z
178240764,story_update_activity,josbut started this feature,josbut,2021-05-21T20:51:02Z
178241022,story_update_activity,josbut started this feature,josbut,2021-05-21T20:51:02Z
178241022,story_create_activity,josbut added this feature,josbut,2021-05-21T04:47:29Z
178240764,comment_update_activity,josbut edited this comment,josbut,2021-05-21T04:39:27Z
178185572,story_update_activity,grazida3 accepted this feature,grazida3,2021-05-21T04:26:53Z
178185572,task_update_activity,"grazida3 completed task: ""insert link into documentation""",grazida3,2021-05-21T04:26:50Z
178185572,task_update_activity,"grazida3 completed task: ""Post to google drive""",grazida3,2021-05-21T04:26:49Z
178185572,task_update_activity,"grazida3 completed task: ""record video""",grazida3,2021-05-21T04:26:47Z
178185572,task_update_activity,"grazida3 completed task: ""Verify work on SPPP is complete""",grazida3,2021-05-21T04:26:47Z
178185572,story_update_activity,grazida3 delivered this feature,grazida3,2021-05-21T04:26:38Z
178185572,story_update_activity,grazida3 finished this feature,grazida3,2021-05-21T04:26:37Z
178185572,story_update_activity,grazida3 estimated this feature as 1 point,grazida3,2021-05-21T04:26:34Z
178240764,task_update_activity,"josbut rewrote task: ""Add the logic code to get the user register information from UI and add the user info into the table (JB) - 3h""",josbut,2021-05-21T04:25:44Z
178240764,task_update_activity,"josbut rewrote task: ""Create the login class(JB) - 0.5h""",josbut,2021-05-21T04:18:02Z
178240764,story_create_activity,josbut added this feature,josbut,2021-05-21T04:02:34Z
23110004,label_create_activity,"josbut created labels: ""project management""",josbut,2021-05-21T04:02:26Z
2498532,project_membership_update_activity,Yuting Zhang updated the membership role for rclarknb,Yuting Zhang,2021-05-19T14:35:14Z
2498532,project_membership_update_activity,Yuting Zhang updated the membership role for Chen Zhao,Yuting Zhang,2021-05-19T14:35:10Z
178185572,task_create_activity,"grazida3 added task: ""insert link into documentation""",grazida3,2021-05-17T18:32:36Z
178185572,task_create_activity,"grazida3 added task: ""Post to google drive""",grazida3,2021-05-17T18:32:27Z
178185572,task_create_activity,"grazida3 added task: ""record video""",grazida3,2021-05-17T18:32:22Z
178185572,task_create_activity,"grazida3 added task: ""Verify work on SPPP is complete""",grazida3,2021-05-17T18:32:17Z
178170068,story_update_activity,grazida3 accepted this feature,grazida3,2021-05-17T18:31:42Z
178185572,story_create_activity,grazida3 added this feature,grazida3,2021-05-17T18:31:27Z
178170068,story_update_activity,Chen Zhao delivered this feature,Chen Zhao,2021-05-16T07:31:49Z
178170068,story_update_activity,Chen Zhao finished this feature,Chen Zhao,2021-05-16T07:31:47Z
178170068,story_update_activity,Chen Zhao started this feature,Chen Zhao,2021-05-16T07:27:17Z
178170068,story_update_activity,Chen Zhao rejected this feature,Chen Zhao,2021-05-16T07:27:14Z
178170068,comment_create_activity,"Chen Zhao added comment: ""try""",Chen Zhao,2021-05-16T07:27:13Z
178170068,story_update_activity,Chen Zhao delivered this feature,Chen Zhao,2021-05-16T07:26:47Z
178170068,story_update_activity,Chen Zhao finished this feature,Chen Zhao,2021-05-16T07:26:42Z
178170068,story_update_activity,Chen Zhao started this feature,Chen Zhao,2021-05-16T07:26:39Z
178170068,story_move_activity,Chen Zhao moved and scheduled this story,Chen Zhao,2021-05-16T07:26:37Z
178170068,story_move_activity,Chen Zhao moved this story,Chen Zhao,2021-05-16T07:24:42Z
178170068,story_move_activity,Chen Zhao moved and scheduled this story,Chen Zhao,2021-05-16T07:24:38Z
178170068,story_move_activity,Chen Zhao moved this story,Chen Zhao,2021-05-16T07:24:24Z
178170068,story_move_activity,Chen Zhao moved and scheduled this story,Chen Zhao,2021-05-16T07:16:08Z
178170068,story_move_activity,Chen Zhao moved this story,Chen Zhao,2021-05-16T07:16:06Z
178170068,story_move_activity,Chen Zhao moved and scheduled this story,Chen Zhao,2021-05-16T07:16:04Z
178170068,story_create_activity,Chen Zhao added this feature,Chen Zhao,2021-05-16T07:15:56Z
23093848,label_create_activity,"Chen Zhao created labels: ""preparation"", ""tools""",Chen Zhao,2021-05-16T07:15:55Z
23093849,label_create_activity,"Chen Zhao created labels: ""preparation"", ""tools""",Chen Zhao,2021-05-16T07:15:55Z
2498532,project_membership_update_activity,Chen Zhao updated their profile,Chen Zhao,2021-05-13T16:07:38Z
2498532,project_membership_update_activity,grazida3 updated their profile,grazida3,2021-05-12T19:20:55Z
2498532,project_membership_update_activity,zixia zhou updated their profile,zixia zhou,2021-05-12T18:32:39Z
2498532,project_membership_update_activity,Huimin Diao updated their profile,Huimin Diao,2021-05-12T15:07:43Z
,project_membership_create_activity,Yuting Zhang added new members: bechtol,Yuting Zhang,2021-05-12T14:15:46Z
,project_membership_create_activity,"Yuting Zhang added new members: rclarknb, Chen Zhao, grazida3, josbut, Huimin Diao, zixia zhou",Yuting Zhang,2021-05-12T14:15:21Z
,project_membership_create_activity,"Yuting Zhang added new members: rclarknb, Chen Zhao, grazida3, josbut, Huimin Diao, zixia zhou",Yuting Zhang,2021-05-12T14:15:21Z
,project_membership_create_activity,"Yuting Zhang added new members: rclarknb, Chen Zhao, grazida3, josbut, Huimin Diao, zixia zhou",Yuting Zhang,2021-05-12T14:15:21Z
,project_membership_create_activity,"Yuting Zhang added new members: rclarknb, Chen Zhao, grazida3, josbut, Huimin Diao, zixia zhou",Yuting Zhang,2021-05-12T14:15:21Z
,project_membership_create_activity,"Yuting Zhang added new members: rclarknb, Chen Zhao, grazida3, josbut, Huimin Diao, zixia zhou",Yuting Zhang,2021-05-12T14:15:21Z
,project_membership_create_activity,"Yuting Zhang added new members: rclarknb, Chen Zhao, grazida3, josbut, Huimin Diao, zixia zhou",Yuting Zhang,2021-05-12T14:15:21Z
